strategy,total_return,cagr,ann_vol,sharpe,sortino,max_drawdown,calmar,n_days,cost_bps,avg_turnover,exposure,exclude_pct,rebalance_days,period
buy_hold,-0.12780577576254804,-0.12828081201721564,0.23623649273604325,-0.46331111949492304,-0.7649256315951906,-0.2147394761906388,-0.5973788066025274,251,10,0.038461538461538464,1.0,20.0,20,2022
I_seed42,-0.09224056296439453,-0.09259049235978367,0.2381566860697372,-0.2892472979550839,-0.4499156225146675,-0.2216727858798877,-0.4176899387638561,251,10,0.18705382476449894,0.9203187250996016,20.0,20,2022
I_seed43,-0.07692455752285055,-0.07721888086277384,0.2354392704750459,-0.22401367951974363,-0.3496062884989481,-0.21583243402710647,-0.35777236730359024,251,10,0.19834903422054725,0.9203187250996016,20.0,20,2022
I_seed44,-0.08303293186160776,-0.08334955494025753,0.2322951371341381,-0.2588044248144935,-0.399890873444199,-0.2178041908103128,-0.38268113496882733,251,10,0.1719580580765683,0.9203187250996016,20.0,20,2022
I_seed45,-0.09317177503646834,-0.09352505212944828,0.23621256162000778,-0.2979243507794807,-0.464383122346505,-0.22624546008374385,-0.41337869097939184,251,10,0.20026437205582884,0.9203187250996016,20.0,20,2022
I_seed46,-0.09100708847525218,-0.09135257766305005,0.23272603820102938,-0.29555963530374973,-0.4530442307480023,-0.2212611828924181,-0.41287213811682283,251,10,0.16944587943231879,0.9203187250996016,20.0,20,2022
I+II_seed42,-0.08155483933685204,-0.08186608124936123,0.23542680564247345,-0.24542901309707274,-0.38039094142617186,-0.21561295070478723,-0.37968999998265673,251,10,0.18565369241948085,0.9203187250996016,20.0,20,2022
I+II_seed43,-0.08088804653031179,-0.08119685779259134,0.23460607212617268,-0.24398662072537214,-0.37854785446861206,-0.21368751527616034,-0.3799794184871123,251,10,0.17851827636431472,0.9203187250996016,20.0,20,2022
I+II_seed44,-0.08386787998230427,-0.08418753857599248,0.23424639242870512,-0.2586098718682539,-0.39913716537510974,-0.2200846090312478,-0.38252351650832367,251,10,0.175250091480477,0.9203187250996016,20.0,20,2022
I+II_seed45,-0.08116281791794522,-0.08147263103480229,0.23543839119314655,-0.24356858446693036,-0.3758258457430635,-0.21737350334772457,-0.3748047935008595,251,10,0.17797501115376937,0.9203187250996016,20.0,20,2022
I+II_seed46,-0.08483943979074582,-0.08516262673086528,0.23664905991450105,-0.25811544235481193,-0.398615086515437,-0.21713200924964707,-0.3922159014010216,251,10,0.1879570232546308,0.9203187250996016,20.0,20,2022
I+II+IV_seed42,-0.055081841626923755,-0.05529510915145641,0.23453132971008747,-0.12567811691025987,-0.1970820991532858,-0.1967114722779698,-0.28109753087160966,251,10,0.18406186689313386,0.9203187250996016,20.0,20,2022
I+II+IV_seed43,-0.07221893973127802,-0.07249597407838626,0.23971565333488262,-0.19449484226673208,-0.3080144404430962,-0.20836795523499066,-0.34792285597191586,251,10,0.19591145456241352,0.9203187250996016,20.0,20,2022
I+II+IV_seed44,-0.08064664668281873,-0.08095457749673596,0.23882286916037013,-0.2344138616478809,-0.3671920053853169,-0.21444918170283134,-0.3775000531777134,251,10,0.19118095996122922,0.9203187250996016,20.0,20,2022
I+II+IV_seed45,-0.06831892123243044,-0.06858155410557398,0.2351359348525412,-0.18498546941232757,-0.2909851967246077,-0.20790114971846607,-0.3298757808624205,251,10,0.1784012107057923,0.9203187250996016,20.0,20,2022
I+II+IV_seed46,-0.06361699077346106,-0.06386217420505536,0.23002170985419798,-0.172264421597724,-0.26822208551454546,-0.2083064626390029,-0.3065779784073676,251,10,0.17608556017360744,0.9203187250996016,20.0,20,2022
naive_vol,-0.14964316237116237,-0.15019215707167954,0.22315407522418151,-0.6179393248980881,-1.0243568182298277,-0.22551828856365616,-0.6659865948268111,251,10,0.12789290862449568,1.0,20.0,20,2022
oracle,0.0787394724698558,0.07906526317514317,0.23993968309824804,0.4365467070561109,0.745256509955092,-0.14863164799382142,0.5319544272188242,251,10,0.17898730040019847,1.0,20.0,20,2022
buy_hold,-0.1284602486671791,-0.12893753352616377,0.23623789817744945,-0.466495777405367,-0.7707319269872072,-0.2147394761906396,-0.600437031017514,251,25,0.038461538461538464,1.0,20.0,20,2022
I_seed42,-0.09529665292130896,-0.09565755460539793,0.23817285006575367,-0.30342065008638747,-0.4722803752297364,-0.22294359348089768,-0.4290661736982996,251,25,0.18705382476449894,0.9203187250996016,20.0,20,2022
I_seed43,-0.08021897434652703,-0.0805253447053822,0.2354551246828764,-0.23922233252693823,-0.37359796196146994,-0.21699250918201538,-0.371097348055627,251,25,0.19834903422054725,0.9203187250996016,20.0,20,2022
I_seed44,-0.08587135569521742,-0.08619828565623244,0.23231142313508726,-0.2721630525046727,-0.4209106961200874,-0.21878541044111594,-0.3939855289365006,251,25,0.1719580580765683,0.9203187250996016,20.0,20,2022
I_seed45,-0.09644120650554866,-0.09680620686696795,0.23623598281561192,-0.3132147502262227,-0.48867123831584736,-0.22767363866365403,-0.4251972579486083,251,25,0.20026437205582884,0.9203187250996016,20.0,20,2022
I_seed46,-0.0937762755721635,-0.09413172379183476,0.23272482091018898,-0.3087191130817144,-0.4736164181846983,-0.22223565510072102,-0.4235671532957781,251,25,0.16944587943231879,0.9203187250996016,20.0,20,2022
I+II_seed42,-0.08462508046664263,-0.08494748928729579,0.23544993797129604,-0.2596545548763074,-0.4028524195681929,-0.21668306199747991,-0.39203566953601454,251,25,0.18565369241948085,0.9203187250996016,20.0,20,2022
I+II_seed43,-0.08384083885710647,-0.08416039918846485,0.2346200112732096,-0.25772257657652003,-0.40026464289324515,-0.21472031941344596,-0.3919535860339944,251,25,0.17851827636431472,0.9203187250996016,20.0,20,2022
I+II_seed44,-0.08675553292309768,-0.0870856663142886,0.23425150517035861,-0.2721241806643762,-0.42038682521009124,-0.22116061476708482,-0.39376661349039394,251,25,0.175250091480477,0.9203187250996016,20.0,20,2022
I+II_seed45,-0.08410565778123269,-0.08442618027700366,0.23545184557558796,-0.2572148409922822,-0.3972639696845036,-0.21865928441294816,-0.3861083717696657,251,25,0.17797501115376937,0.9203187250996016,20.0,20,2022
I+II_seed46,-0.087935360827324,-0.08826976347827165,0.2366664291271964,-0.2724487897534726,-0.4211873208353552,-0.21846387898602324,-0.4040474054015992,251,25,0.1879570232546308,0.9203187250996016,20.0,20,2022
I+II+IV_seed42,-0.05820988299225316,-0.05843488329515267,0.2345391179618746,-0.13985628248002843,-0.21947383137236892,-0.19784710959034763,-0.2953537376216667,251,25,0.18406186689313386,0.9203187250996016,20.0,20,2022
I+II+IV_seed43,-0.07548903256045547,-0.0757780917581482,0.23972897397278828,-0.20925261123869235,-0.33162893181355096,-0.20953238067328003,-0.3616533707804694,251,25,0.19591145456241352,0.9203187250996016,20.0,20,2022
I+II+IV_seed44,-0.08380683391677968,-0.08412627067609235,0.23882583685948414,-0.24887742155111156,-0.38921136861753747,-0.2158010748406098,-0.38983249151204563,251,25,0.19118095996122922,0.9203187250996016,20.0,20,2022
I+II+IV_seed45,-0.07131004488170323,-0.07158372883034714,0.2351500362411622,-0.19868483771575668,-0.3128168976891359,-0.2089331863425047,-0.3426154077457075,251,25,0.1784012107057923,0.9203187250996016,20.0,20,2022
I+II+IV_seed46,-0.06658049331428373,-0.066836685698492,0.23001862705282725,-0.186101121827756,-0.28945736195079286,-0.2095897149077441,-0.31889296537242656,251,25,0.17608556017360744,0.9203187250996016,20.0,20,2022
naive_vol,-0.15176199341311314,-0.1523180457328306,0.2231503415856764,-0.6291701156093468,-1.043702635424633,-0.22652264895521776,-0.6724186143653256,251,25,0.12789290862449568,1.0,20.0,20,2022
oracle,0.07499025053875052,0.07529999338797433,0.23990733827395735,0.42199926659739606,0.7208868187886076,-0.1491520309194539,0.5048539595725542,251,25,0.17898730040019847,1.0,20.0,20,2022
buy_hold,-0.12955103684156177,-0.13003206500752984,0.23624555280592896,-0.47179284739443045,-0.7803402363102943,-0.21473947619063874,-0.6055340513734493,251,50,0.038461538461538464,1.0,20.0,20,2022
I_seed42,-0.10036969883474356,-0.10074872309354077,0.23821064842798143,-0.3270237215999762,-0.5085939021472102,-0.22505767581250263,-0.44765735152030695,251,50,0.18705382476449894,0.9203187250996016,20.0,20,2022
I_seed43,-0.0856861928215229,-0.08601245149255032,0.23549333517414472,-0.26455229473262043,-0.41283299101312293,-0.21892279321310387,-0.39288943024230494,251,50,0.19834903422054725,0.9203187250996016,20.0,20,2022
I_seed44,-0.09058473782378251,-0.0909287051135943,0.2323485857871884,-0.29441057417515953,-0.45593995595462417,-0.2204185187377811,-0.4125275209827846,251,50,0.1719580580765683,0.9203187250996016,20.0,20,2022
I_seed45,-0.10186671893106536,-0.10225106920655591,0.2362869741248927,-0.3386748752901578,-0.5291334615594077,-0.23004893167828513,-0.44447530558216297,251,50,0.20026437205582884,0.9203187250996016,20.0,20,2022
I_seed46,-0.09837497254793692,-0.09874688460331038,0.23273260417336394,-0.3306379415781938,-0.5078991917809447,-0.22393304852893114,-0.44096610684310283,251,50,0.16944587943231879,0.9203187250996016,20.0,20,2022
I+II_seed42,-0.0897217637459593,-0.09006261895767642,0.2354993197607638,-0.2833445521809347,-0.44029717427186443,-0.21846389108035932,-0.4122540274838736,251,50,0.18565369241948085,0.9203187250996016,20.0,20,2022
I+II_seed43,-0.0887433749665466,-0.08908069793229623,0.23465356497544754,-0.2805998662979754,-0.4364717219356093,-0.21643915660789123,-0.4115738544189485,251,50,0.17851827636431472,0.9203187250996016,20.0,20,2022
I+II_seed44,-0.09155029625639088,-0.0918977416850395,0.23427013990875883,-0.29463399779097393,-0.4558103765593502,-0.22295121752167832,-0.41218766466751394,251,50,0.175250091480477,0.9203187250996016,20.0,20,2022
I+II_seed45,-0.08899175033670381,-0.08932997040214619,0.2354846034227278,-0.27994285108747174,-0.43300382175362245,-0.22079824929441746,-0.4045773491755886,251,50,0.17797501115376937,0.9203187250996016,20.0,20,2022
I+II_seed46,-0.09307440483747764,-0.09342733206454445,0.23670632062062155,-0.2963193280499504,-0.4588185520748411,-0.22067935766532307,-0.42336235274997525,251,50,0.1879570232546308,0.9203187250996016,20.0,20,2022
I+II+IV_seed42,-0.06340274200328366,-0.06364712807871997,0.23456290333037255,-0.16347693528247403,-0.25622934307392503,-0.19973687377907295,-0.3186548726557093,251,50,0.18406186689313386,0.9203187250996016,20.0,20,2022
I+II+IV_seed43,-0.08091619898380797,-0.08122511290894063,0.23976258905610434,-0.23383411633427287,-0.3709884488940928,-0.21146992290378772,-0.38409770899616563,251,50,0.19591145456241352,0.9203187250996016,20.0,20,2022
I+II+IV_seed44,-0.08905219599244507,-0.08939063433881111,0.23884192318608036,-0.2729698233896611,-0.4275658787774492,-0.21804981205370869,-0.4099551084079493,251,50,0.19118095996122922,0.9203187250996016,20.0,20,2022
I+II+IV_seed45,-0.07627624694698876,-0.07656819400400905,0.23518387689854375,-0.2215037299812246,-0.34922116300751277,-0.2106507620556581,-0.36348405890778696,251,50,0.1784012107057923,0.9203187250996016,20.0,20,2022
I+II+IV_seed46,-0.07150111743152698,-0.07177550601356741,0.23002385358984628,-0.20915368851134022,-0.3257493468027982,-0.21172451418331795,-0.33900423052297973,251,50,0.17608556017360744,0.9203187250996016,20.0,20,2022
naive_vol,-0.1552832143525804,-0.15585094869471972,0.22315220287346368,-0.6478654645626151,-1.0758401076404311,-0.2281940278672453,-0.6829755806991932,251,50,0.12789290862449568,1.0,20.0,20,2022
oracle,0.06876740230946776,0.0690506249712124,0.23986512575502555,0.39772542003835676,0.6800727805229931,-0.1500189848302043,0.4602792443194162,251,50,0.17898730040019847,1.0,20.0,20,2022
