strategy,total_return,cagr,ann_vol,sharpe,sortino,max_drawdown,calmar,n_days,exclude_pct,turnover,grp
multi_pure_seed43,0.6536727997503387,0.188779637054034,0.2624704644054872,0.779842301915239,1.717074409200312,-0.22295729801091352,0.8467075926117181,733,5,0.18360876493502695,multi_pure
multi_pure_seed44,0.17450474352825895,0.05685536665192892,0.1854511938191828,0.3907569455650073,0.614950710263172,-0.22034190437841053,0.2580324737245019,733,5,0.16880953441927793,multi_pure
multi_pure_seed45,0.23361686283154337,0.07484815294739278,0.18871635059121086,0.4766685428279627,0.7581451448626578,-0.21804134614239773,0.34327504517657487,733,5,0.17717074134519575,multi_pure
multi_pure_seed46,0.22725910416400708,0.07294048285093391,0.18658249036406782,0.47046327932127496,0.7450182890814087,-0.21980064660551202,0.3318483543037255,733,5,0.16770994489987637,multi_pure
multi_pure_seed47,0.19496587518076658,0.06314928669731845,0.18853914248354697,0.4188953850773927,0.660725129774365,-0.22949018998226522,0.27517205289776686,733,5,0.18096431208759053,multi_pure
multi_pure_seed48,0.6007101298497466,0.1755502516509002,0.26252477856233275,0.7370804996823392,1.6225596303046412,-0.2233814712999746,0.7858765126278411,733,5,0.18638697478554364,multi_pure
multi_pure_seed49,0.5817041756054773,0.17073283188695232,0.26227961260953764,0.7217997211835903,1.5858836481273564,-0.21911979772942153,0.7791757461266942,733,5,0.18922226207302967,multi_pure
multi_pure_seed50,0.19050240986415745,0.0617823748800157,0.18669271414819485,0.41430690758247735,0.6516672409320061,-0.22155315082797952,0.2788602854399727,733,5,0.1795743862167451,multi_pure
multi_pure_seed51,0.16399369839315647,0.0535941254219674,0.18698562792999116,0.37253398025953555,0.5890541853596009,-0.2272031819239827,0.23588633296473305,733,5,0.17932532783687283,multi_pure
multi_pure_seed52,0.618812158598234,0.18010377872364103,0.2629322440646501,0.7510282402306535,1.6452767357913627,-0.22459965393555295,0.8018880508841761,733,5,0.1829500981418305,multi_pure
naive_vol,0.21865221508961397,0.07034759225024168,0.19413723897527327,0.4467411784346758,0.7488484924976827,-0.22549434496886633,0.3119705385957881,733,5,0.15726210541816976,naive_vol
multi_pure_seed43,0.2620577124195649,0.08330385725610356,0.18809491073512966,0.5192987640056336,0.8227677042335009,-0.21872125166082942,0.3808676871751021,733,8,0.21335045860239732,multi_pure
multi_pure_seed44,0.17351460463947266,0.05654897732571418,0.18552095504355973,0.3891249486677754,0.6114400362616004,-0.2237752519918597,0.2527043398336616,733,8,0.21347952714570356,multi_pure
multi_pure_seed45,0.22813263824844143,0.0732029738375728,0.1879581567595288,0.4696807117745081,0.742981497929509,-0.21823084302234136,0.33543825805630345,733,8,0.21961172003373985,multi_pure
multi_pure_seed46,0.22356175109435594,0.07182809393724865,0.18729596494055237,0.46384557288811157,0.7309668102596578,-0.22779175309266664,0.31532350474526916,733,8,0.20771550551809376,multi_pure
multi_pure_seed47,0.17739054186727765,0.05774738450967143,0.1871521269273615,0.3934138621213475,0.6163782014531667,-0.22790786678173,0.25338039149379943,733,8,0.21785062227395124,multi_pure
multi_pure_seed48,0.6472883280077955,0.1871997564313792,0.2669670821592617,0.7651058163725195,1.7222739458722598,-0.2244598415672004,0.8340011073888868,733,8,0.23247675026361586,multi_pure
multi_pure_seed49,0.22247788789002332,0.07150158388916128,0.18693376795452937,0.4627648616853758,0.7311509039097905,-0.21456954529789818,0.3332326765659678,733,8,0.2196355876702694,multi_pure
multi_pure_seed50,0.20194668443038455,0.06528041963152109,0.1861164447979279,0.4326945887861063,0.6818455592917769,-0.21975576060043514,0.2970589687986174,733,8,0.2237107541264224,multi_pure
multi_pure_seed51,0.1784015982402385,0.058059568790970184,0.18701108263645957,0.39513055999543906,0.622915687248109,-0.22992127781907254,0.25251933766938206,733,8,0.21671795321894285,multi_pure
multi_pure_seed52,0.2537597942388232,0.08084984870937895,0.1883174307193566,0.5068537932712752,0.802767620155694,-0.21649057235708416,0.3734566721733429,733,8,0.21154848605622006,multi_pure
naive_vol,0.18740938060880352,0.06083317776037234,0.19041394463935604,0.4048337286636234,0.6758672107744708,-0.2286532053624434,0.2660499670841888,733,8,0.1832776266094715,naive_vol
multi_pure_seed43,0.2655885704677847,0.08434485473125819,0.18879139265371805,0.5231657603827888,0.8273822642107264,-0.22378834541917456,0.37689565367344363,733,10,0.2406897945918539,multi_pure
multi_pure_seed44,0.18478509811156685,0.060026557803879665,0.18533394411660106,0.40706891550290286,0.6389053476769702,-0.2266994576927976,0.264784743707778,733,10,0.24434367595749829,multi_pure
multi_pure_seed45,0.22883638127010597,0.07341435468199897,0.18829255383144952,0.4702236202175785,0.745139265718151,-0.21746208114893176,0.3375961192596156,733,10,0.24872538768845986,multi_pure
multi_pure_seed46,0.24372610221669766,0.07786822881812405,0.1874166635857496,0.49364799583010965,0.7819333108282569,-0.22586098554188874,0.3447617508234171,733,10,0.23667952832094588,multi_pure
multi_pure_seed47,0.160958202183211,0.052648713775762745,0.18647730568873605,0.3682473006700964,0.5766276436372906,-0.2297726713744082,0.22913392380755815,733,10,0.24739473228253125,multi_pure
multi_pure_seed48,0.2501572313298883,0.07978111608650007,0.1873701688544627,0.5031941726933256,0.8017012200247944,-0.22322009142386995,0.3574101039812078,733,10,0.2528118294652996,multi_pure
multi_pure_seed49,0.23176320404107398,0.0742926230748604,0.18701002604005626,0.4765672024918909,0.7518335407369889,-0.2172017344544766,0.3420443361626627,733,10,0.2497296715986506,multi_pure
multi_pure_seed50,0.19256825729944116,0.062415446646557404,0.18636549363333532,0.41790930851995434,0.6589127699235949,-0.22368654158545856,0.2790308536408384,733,10,0.25167773278870154,multi_pure
multi_pure_seed51,0.1725556990732522,0.05625209112461094,0.18731145734155763,0.3856690683165045,0.608101944673341,-0.2303996595421559,0.24415006183773708,733,10,0.2476831606788919,multi_pure
multi_pure_seed52,0.2711941210490658,0.08599362318520387,0.18803610580836702,0.5325911387313516,0.8407703026930221,-0.2164412140142775,0.3973070636146558,733,10,0.23912255064076204,multi_pure
naive_vol,0.099257587300138,0.03306987081661861,0.1812372764015117,0.2699754637550283,0.4342993243469568,-0.2311742344164415,0.1430517155170759,733,10,0.19502789538671714,naive_vol
multi_pure_seed43,0.25130114759058086,0.08012068783614001,0.18926134471888778,0.5016924230095345,0.7972290702590444,-0.22549978401366313,0.35530272539545077,733,15,0.3174237385394645,multi_pure
multi_pure_seed44,0.17723474597084832,0.05769926370797518,0.1854552845128613,0.3950665734965729,0.6209703478474907,-0.22157472219724542,0.26040544307491625,733,15,0.3156037202106263,multi_pure
multi_pure_seed45,0.22394554513220188,0.07194366506292016,0.18807398392435978,0.4632617412570487,0.7326738616980548,-0.21927002279451893,0.3281053385502659,733,15,0.32115835791556885,multi_pure
multi_pure_seed46,0.27246078115713446,0.08636552656762997,0.18813019285319865,0.5342229162960797,0.8474858018109781,-0.22356263672098287,0.38631467151382,733,15,0.3093749820904472,multi_pure
multi_pure_seed47,0.1536032352611021,0.05035124757678777,0.18713898115309927,0.3559274437205264,0.5560919894037485,-0.23377572444165962,0.21538270364489143,733,15,0.32089160930569727,multi_pure
multi_pure_seed48,0.19582759104740077,0.0634127964407456,0.18611865551173482,0.423265858566115,0.6681920448874001,-0.23462488140558485,0.2702731102552032,733,15,0.3286088611745129,multi_pure
multi_pure_seed49,0.22094093734563147,0.07103825700486155,0.18747189582984408,0.459666399893501,0.7260988874160814,-0.2231698554730733,0.31831475113104024,733,15,0.3232141782159419,multi_pure
multi_pure_seed50,0.1994324830777383,0.06451381106266374,0.18738781934737714,0.4271781006776028,0.6737880547251767,-0.22282547178665493,0.289526195301553,733,15,0.3356771495181808,multi_pure
multi_pure_seed51,0.18644583750492738,0.06053715166470042,0.1869931502398865,0.40765430760001287,0.6452231089703352,-0.23090965268607125,0.26216812922499405,733,15,0.3205463580547916,multi_pure
multi_pure_seed52,0.2820879541680008,0.08918424689275262,0.1885926779192403,0.547124904445279,0.8661663913543376,-0.2169151455130406,0.41114808595691626,733,15,0.3141461571433792,multi_pure
naive_vol,0.07897164712139437,0.02647554245289907,0.17743842430647286,0.23580728879222987,0.3816966173120757,-0.2307168883722773,0.11475337865245042,733,15,0.23601792976686609,naive_vol
multi_pure_seed43,0.266205917675588,0.08452667045493478,0.19041295610762257,0.5211760563003864,0.8311157171454279,-0.22796049539816562,0.37079525690316145,733,20,0.4040462993938935,multi_pure
multi_pure_seed44,0.17734946600970836,0.05773469778268647,0.18670222856803217,0.39384059579440595,0.6168650500447687,-0.2263898964703953,0.25502329689980824,733,20,0.39607494837374996,multi_pure
multi_pure_seed45,0.1904666395640311,0.061771406849129074,0.18660919489375807,0.4143533812460018,0.6525123821439198,-0.22300418453560591,0.2769966266676326,733,20,0.39867510270116596,multi_pure
multi_pure_seed46,0.27335676417250276,0.08662844897859756,0.18912288627439608,0.5336711909921303,0.8480635842106714,-0.22753234280538864,0.3807302641483896,733,20,0.38786951653981216,multi_pure
multi_pure_seed47,0.17434457855188246,0.05680581657481465,0.18753069966554495,0.3882458999881221,0.6101520099656883,-0.2316954519856224,0.24517449992216364,733,20,0.39621098350175116,multi_pure
multi_pure_seed48,0.20686877528788972,0.06677817999252844,0.1871321247895143,0.4388686020157718,0.6890125491529185,-0.2376645018084638,0.2809766687258396,733,20,0.4056473902564387,multi_pure
multi_pure_seed49,0.23897820757773158,0.0764518372444587,0.1879334205854559,0.48583226090702564,0.7627271006780958,-0.22378760089824853,0.341626778863498,733,20,0.39579043145333626,multi_pure
multi_pure_seed50,0.21451721119991896,0.0690976162484267,0.18802603435689563,0.449217134726785,0.7061293468591884,-0.22544725824813128,0.30649126889082245,733,20,0.41444131224269243,multi_pure
multi_pure_seed51,0.20366458567610546,0.06580362230333137,0.18869321468511027,0.43192641161055445,0.6817986985688296,-0.23057958716464394,0.28538355503405727,733,20,0.39476883235224963,multi_pure
multi_pure_seed52,0.246136225200414,0.07858585912595895,0.18775236743228194,0.4966731238116606,0.7781093773740001,-0.22577250064627508,0.34807542504515154,733,20,0.38516305303978515,multi_pure
naive_vol,0.01704301988140089,0.005826805219398379,0.17212655691824566,0.11967788907574917,0.19149126049528867,-0.23003085007358556,0.025330538132317542,733,20,0.2792254322499882,naive_vol
multi_pure_seed43,0.20410046272709326,0.06593629473400964,0.189853971094942,0.43106278766596,0.688885544570114,-0.22894222074107126,0.28800408470127564,733,30,0.5597027150655787,multi_pure
multi_pure_seed44,0.20096519593454798,0.06498127796065001,0.1884797801093761,0.4281117041504717,0.6717555373774624,-0.22875266436823982,0.28406785180016486,733,30,0.5590321537237024,multi_pure
multi_pure_seed45,0.16623709009011112,0.05429179527890704,0.18813544301014018,0.37490430890070253,0.5928563857632192,-0.2265976229939998,0.2395956081160863,733,30,0.5542844812907775,multi_pure
multi_pure_seed46,0.22337539978165677,0.0717719697622905,0.18919615274338097,0.46078568861064045,0.7282044091206056,-0.22628574075525754,0.3171740716968837,733,30,0.5474116882563292,multi_pure
multi_pure_seed47,0.19029373409251682,0.06171838684027198,0.1888214080757428,0.4114275614774663,0.648725752334962,-0.22708258808074372,0.27178828355755213,733,30,0.5490989044898494,multi_pure
multi_pure_seed48,0.191188031898595,0.06199256123584962,0.18901205923891465,0.4125701490236512,0.6472835966499738,-0.23959291629078036,0.258741210698453,733,30,0.568272471321802,multi_pure
multi_pure_seed49,0.2567469286226205,0.08173448178034648,0.1895825032561074,0.5090504938751235,0.800694822197786,-0.22873579253141813,0.35733140351928,733,30,0.5532905941226336,multi_pure
multi_pure_seed50,0.2095044586674284,0.06757855394822565,0.19058582064318474,0.4382330332203881,0.6915183737289956,-0.22864467514802833,0.2955614597386717,733,30,0.5781931365697934,multi_pure
multi_pure_seed51,0.24318254189880806,0.07770625399357312,0.18922956879137603,0.48991809108237727,0.7775435657745569,-0.2318316091269099,0.3351840341626363,733,30,0.5447308879126077,multi_pure
multi_pure_seed52,0.20837188020733044,0.06723476595060407,0.18817014029257909,0.4397482903386313,0.6839773415124901,-0.23304032625220794,0.28851129343957077,733,30,0.5353828379982515,multi_pure
naive_vol,0.021103774610283343,0.007205661973756383,0.16419584369111795,0.1257098527238126,0.19911158791779202,-0.22229128113091,0.032415405305585884,733,30,0.35325927831970294,naive_vol
