n,base_rate,roc_auc,pr_auc,mcc,precision,recall,f1,accuracy,flag_rate,ablation,seed,year,threshold
51187,0.14722488131752204,0.6348320452988896,0.21225400648564618,0.11684302028350421,0.22792049503093945,0.32258492569002123,0.2671135040105483,0.7393869537187177,0.2083732197628304,multi_pure,42,2022,0.5275387884801048
53162,0.12627440653098077,0.6612500510203039,0.20799069967023032,0.15254405625158934,0.1955524369838614,0.5396990913153583,0.2870839936608558,0.6615251495429065,0.34850080884842555,multi_pure,42,2023,0.5275387884801048
46812,0.11779031017687773,0.6494321385652901,0.1843748570175433,0.1363331084133469,0.1822341857335128,0.49111352919840406,0.26582899774222046,0.6804665470392207,0.3174399726565838,multi_pure,42,2024,0.5275387884801048
51187,0.14722488131752204,0.6306695871241984,0.21060534494847524,0.12750973297342422,0.2190666574757014,0.42170912951167727,0.2883455065100032,0.6935354679899193,0.2834118037783031,multi_pure,43,2022,0.5186959342334581
53162,0.12627440653098077,0.6527549840050004,0.19974953579506396,0.14314994532276692,0.18007892930679478,0.6253537911514971,0.27963363863447127,0.5931492419397314,0.43850870922839624,multi_pure,43,2023,0.5186959342334581
46812,0.11779031017687773,0.650199182167957,0.18308974377417536,0.14631201496187243,0.1739489722136143,0.6108088501994922,0.2707830840971217,0.6124925232846279,0.41361189438605483,multi_pure,43,2024,0.5186959342334581
51187,0.14722488131752204,0.6264549438314063,0.21462189860422298,0.11034659617432564,0.20666235446313067,0.4239649681528662,0.2778744129413811,0.675581690663645,0.30202981225701836,multi_pure,44,2022,0.5177759888429306
53162,0.12627440653098077,0.663158690644553,0.21150401251261813,0.1555948620598115,0.1851964007613774,0.6377178608669746,0.28703610580307753,0.5999586170572966,0.4348218652420902,multi_pure,44,2023,0.5177759888429306
46812,0.11779031017687773,0.6496403376202126,0.18078622139878728,0.1352539019690338,0.17153775768340598,0.5779833151976786,0.26455817042294444,0.6214859437751004,0.3968854139964112,multi_pure,44,2024,0.5177759888429306
51187,0.14722488131752204,0.6207102063676174,0.20832568705646864,0.10273580335396065,0.24603563838482917,0.19970806794055201,0.22046436680583023,0.7920761130755856,0.11950299880829117,multi_pure,45,2022,0.5641640200882054
53162,0.12627440653098077,0.6492432926047391,0.19679021926826523,0.12438915936652285,0.21370427614631632,0.3089527781915686,0.25264953100255816,0.7691960422858433,0.1825552086076521,multi_pure,45,2023,0.5641640200882054
46812,0.11779031017687773,0.6359995876815122,0.16853997373497293,0.10103389774850743,0.18869543894065718,0.279107725788901,0.22516459400146305,0.7737332307955225,0.1742288302144749,multi_pure,45,2024,0.5641640200882054
51187,0.14722488131752204,0.6435546966673169,0.21759858421839226,0.1226779402906912,0.23455332546241636,0.31634819532908703,0.26937853107344634,0.7473577275480102,0.19856604215914198,multi_pure,46,2022,0.5148485827166899
53162,0.12627440653098077,0.677255706053546,0.21640403651020887,0.17061263828938675,0.2023288898255967,0.5720244302100402,0.29892573563755254,0.6611865618298784,0.35700312253113126,multi_pure,46,2023,0.5148485827166899
46812,0.11779031017687773,0.6551208970749031,0.19127082754057584,0.14333410158872675,0.18296187496008684,0.5195865070729053,0.2706276862041279,0.670105955737845,0.33450824574895327,multi_pure,46,2024,0.5148485827166899
51187,0.14722488131752204,0.6385454785985598,0.21953463868285394,0.11467647549807662,0.24159900062460962,0.25663481953290873,0.24889003281642108,0.771953816398695,0.15638736397913533,multi_xs,42,2022,0.538630406844576
53162,0.12627440653098077,0.6645538656502007,0.21490443155097,0.15189228095592466,0.20999858777008898,0.44302100402204675,0.28493413173652693,0.719216733757195,0.26639328843911064,multi_xs,42,2023,0.538630406844576
46812,0.11779031017687773,0.6536096056910456,0.18623425133125165,0.13530388804182236,0.19240124129833094,0.41603191875226697,0.263118655732064,0.7255190976672649,0.2546996496624797,multi_xs,42,2024,0.538630406844576
51187,0.14722488131752204,0.6397271774854215,0.21719993477546007,0.10856047615294934,0.23858329008822002,0.24402866242038215,0.24127525583836262,0.7740441909078477,0.1505851095004591,multi_xs,43,2022,0.5324423288501624
53162,0.12627440653098077,0.6692516141538134,0.21305269270998886,0.1536166137941929,0.21274581209031318,0.4351258751675853,0.2857701902851832,0.725348933448704,0.25826718332643617,multi_xs,43,2023,0.5324423288501624
46812,0.11779031017687773,0.6539398333121755,0.18118485330407985,0.13499884448213986,0.19468169410935987,0.4009793253536453,0.2621065734099935,0.7340639152354097,0.24260873280355463,multi_xs,43,2024,0.5324423288501624
51187,0.14722488131752204,0.6040200944730449,0.20098143722379952,0.09552100402083305,0.21048011937154393,0.3182059447983015,0.25336784827513337,0.7238947388985485,0.2225760446988493,multi_xs,44,2022,0.5430580274970036
53162,0.12627440653098077,0.6452613645375836,0.19490571325744338,0.14134520276318585,0.19586264958806904,0.4851780128109638,0.27906777482649303,0.683458109175727,0.3127986155524623,multi_xs,44,2023,0.5430580274970036
46812,0.11779031017687773,0.6416336994559197,0.1710238704110576,0.1290907761825317,0.18055264078349073,0.46808124773304316,0.26058862133373717,0.6871101426984534,0.3053704178415791,multi_xs,44,2024,0.5430580274970036
51187,0.14722488131752204,0.5988593886288078,0.18967522214704083,0.09534326460406539,0.194649178805641,0.4450636942675159,0.2708442685831954,0.6471955770019732,0.3366284408150507,multi_xs,45,2022,0.4877808871072869
53162,0.12627440653098077,0.6165253599477432,0.17297556908617356,0.11243470413969579,0.16919114758391898,0.5773871592432593,0.2616973870771724,0.5886159286708551,0.43092810654226704,multi_xs,45,2023,0.4877808871072869
46812,0.11779031017687773,0.6244785702854241,0.16019332467731134,0.11944479390931224,0.16176832570275193,0.5959376133478419,0.25446238432648005,0.588673844313424,0.4339271981543194,multi_xs,45,2024,0.4877808871072869
51187,0.14722488131752204,0.6195152153461388,0.20892048040214778,0.1213672382807634,0.21156522839428066,0.4437367303609342,0.2865221489161169,0.6746439525660812,0.3087893410436244,multi_xs,46,2022,0.5031730824110898
53162,0.12627440653098077,0.6469173937254404,0.19709091382709626,0.1398347503504891,0.17996835721191878,0.6100104275286757,0.2779380323751994,0.599770512772281,0.428012490124525,multi_xs,46,2023,0.5031730824110898
46812,0.11779031017687773,0.6423672058425177,0.1706545722491551,0.13678888445716594,0.1714149544588011,0.5870511425462459,0.2653496188212148,0.6171067247714261,0.4034008373921217,multi_xs,46,2024,0.5031730824110898
51187,0.14722488131752204,0.5242514122098846,0.16291092076048241,0.021705344668427915,0.2288888888888889,0.013667728237791932,0.025795141497620837,0.8480082833531951,0.00879129466466095,fund_pure_only,42,2022,0.5349761373382746
53162,0.12627440653098077,0.5075350642941778,0.12744529740849544,-0.003597851755109782,0.10747663551401869,0.0034261879934455535,0.0066406813916558395,0.870565441480757,0.004025431699334111,fund_pure_only,42,2023,0.5349761373382746
46812,0.11779031017687773,0.5476169952611215,0.1341878560050165,0.0013199023920363576,0.1282051282051282,0.0018135654697134566,0.00357653791130186,0.8809706912757412,0.0016662394257882594,fund_pure_only,42,2024,0.5349761373382746
51187,0.14722488131752204,0.5402125253792374,0.16821499753884944,0.032267616160409046,0.27638190954773867,0.014596602972399151,0.027728762288883286,0.8492976732373454,0.007775411725633462,fund_pure_only,43,2022,0.5764739558210341
53162,0.12627440653098077,0.520351059971729,0.13133640877850933,-0.009463662337264254,0.0794979079497908,0.0028303292119767616,0.005466052934407365,0.8699446973402054,0.004495692411873142,fund_pure_only,43,2023,0.5764739558210341
46812,0.11779031017687773,0.5434200741786834,0.13302375112969872,-0.0014230380289761255,0.1095890410958904,0.0029017047515415306,0.005653710247349823,0.8797744168162009,0.0031188584123728958,fund_pure_only,43,2024,0.5764739558210341
51187,0.14722488131752204,0.5350247184760848,0.1658675697709947,-0.014433719735733857,0.07480314960629922,0.0025212314225053077,0.004878048780487805,0.8485552972434407,0.004962197432941958,fund_pure_only,44,2022,0.5648297229578663
53162,0.12627440653098077,0.5332497015662991,0.13571057235554052,-0.009589624619835393,0.08791208791208792,0.004766870251750335,0.009043379963261268,0.8680824649185508,0.006846995974568301,fund_pure_only,44,2023,0.5648297229578663
46812,0.11779031017687773,0.5681752252746227,0.13866008527582174,0.027613532612886894,0.375,0.003808487486398259,0.0075403949730700175,0.8819106212082372,0.0011962744595402888,fund_pure_only,44,2024,0.5648297229578663
51187,0.14722488131752204,0.5283656417474816,0.16433171415647443,0.01914747774943186,0.23170731707317074,0.010084925690021231,0.019328585961342827,0.8493367456580773,0.006407877000019536,fund_pure_only,45,2022,0.5595126995354591
53162,0.12627440653098077,0.5217573618694644,0.13305580666625855,-0.008379540733741846,0.09848484848484848,0.007746164159094295,0.01436265709156194,0.8657499717843572,0.009931906248824349,fund_pure_only,45,2023,0.5595126995354591
46812,0.11779031017687773,0.5576444208608036,0.13729985484345758,0.038843312676483485,0.3155080213903743,0.010700036271309395,0.02069812313629188,0.8807357087926173,0.00399470221310775,fund_pure_only,45,2024,0.5595126995354591
51187,0.14722488131752204,0.5263496877568901,0.162305223652172,-0.005250790371741849,0.12596401028277635,0.006502123142250531,0.012365930599369085,0.8470900814659972,0.007599585832340243,fund_pure_only,46,2022,0.5355834139190789
53162,0.12627440653098077,0.5219755268859211,0.1311430199284615,-0.01250347905315856,0.057291666666666664,0.0016386116490391778,0.0031860970311368576,0.8705278206237538,0.003611602272299763,fund_pure_only,46,2023,0.5355834139190789
46812,0.11779031017687773,0.5612909991697947,0.1382557619632182,0.04662912826293805,0.45652173913043476,0.007616974972796518,0.014983945772386728,0.8820387934717594,0.0019653080406733317,fund_pure_only,46,2024,0.5355834139190789
51187,0.14722488131752204,0.5255222953161443,0.16691935294966095,0.04835003475757313,0.4484848484848485,0.009819532908704883,0.019218283339825996,0.8524430031062574,0.0032234747103756815,fund_xs_only,42,2022,0.5804746180075068
53162,0.12627440653098077,0.5156816009378109,0.1344110938565368,0.015480857431593425,0.19407894736842105,0.008788917026664681,0.016816303263502922,0.8702268537677288,0.005718370264474625,fund_xs_only,42,2023,0.5804746180075068
46812,0.11779031017687773,0.5294961901248273,0.12335814832555889,-0.009995090032340009,0.0,0.0,0.0,0.8814620182859096,0.0007476715372126805,fund_xs_only,42,2024,0.5804746180075068
51187,0.14722488131752204,0.5366933472411772,0.16435797522289328,0.019090686734507083,0.14980200899348978,0.8885350318471338,0.256379821958457,0.24115498075683278,0.8732490671459551,fund_xs_only,43,2022,0.4564963625346538
53162,0.12627440653098077,0.5244403042592277,0.1355610746948398,0.03576510760707995,0.13091263819640148,0.8995977953225086,0.22856385897848344,0.233192882133855,0.8677250667770212,fund_xs_only,43,2023,0.4564963625346538
46812,0.11779031017687773,0.5311670039534832,0.12155506166264286,0.049174457893485644,0.12364077669902912,0.9238302502720348,0.2180930770218778,0.21972998376484662,0.8801162095189268,fund_xs_only,43,2024,0.4564963625346538
51187,0.14722488131752204,0.52515536096215,0.1621724332340632,0.02129160953706802,0.19174247725682295,0.0363588110403397,0.0611266034578918,0.8355637173501085,0.027917244612889993,fund_xs_only,44,2022,0.5556696639013128
53162,0.12627440653098077,0.5271509524339009,0.13378393009456357,-0.00018495432203935116,0.12577833125778332,0.015045434232086995,0.02687599787120809,0.8624205259395809,0.015104774086753696,fund_xs_only,44,2023,0.5556696639013128
46812,0.11779031017687773,0.5473408303173553,0.13258784997166456,-0.0010440268354404403,0.10975609756097561,0.001632208922742111,0.0032165832737669764,0.8808425190122191,0.0017516876014697087,fund_xs_only,44,2024,0.5556696639013128
51187,0.14722488131752204,0.5268104483176027,0.15969529170076135,0.017205719762386464,0.14965801512886714,0.8768577494692145,0.25567808086670535,0.24836384238185477,0.8626018324965323,fund_xs_only,45,2022,0.4766190640503739
53162,0.12627440653098077,0.5165297446391575,0.13308033552359044,0.010704084521363698,0.12777027475811986,0.8596752569640995,0.22247494217424826,0.24122493510402168,0.8496106241300176,fund_xs_only,45,2023,0.4766190640503739
46812,0.11779031017687773,0.5236779947363829,0.12130716939702572,0.04437709204658568,0.12403968455863648,0.8842945230322815,0.21756202034624308,0.2507903956250534,0.839741946509442,fund_xs_only,45,2024,0.4766190640503739
51187,0.14722488131752204,0.52046442301879,0.15870509854872902,0.02698672507315084,0.15128938506250866,0.870355626326964,0.2577716643741403,0.26207826205872586,0.8469728642038018,fund_xs_only,46,2022,0.47328867182085743
53162,0.12627440653098077,0.531718773345888,0.13812085084183612,0.04191389843020172,0.13245226945244956,0.8763593028452257,0.2301238044945139,0.2595651028930439,0.8354839923253452,fund_xs_only,46,2023,0.47328867182085743
46812,0.11779031017687773,0.5428025625577328,0.12572052151029325,0.060182010328727054,0.12630908395974008,0.8989844033369605,0.22149735248776783,0.25563957959497563,0.8383534136546185,fund_xs_only,46,2024,0.47328867182085743
51187,0.14722488131752204,0.5262062132614216,0.1605670841964536,-0.035202727980356854,0.013574660633484163,0.0007961783439490446,0.0015041363750313362,0.8443745482251352,0.008635004981733644,macro_only,42,2022,0.5247073614079019
53162,0.12627440653098077,0.5420928900532181,0.13744148019839927,-0.016785337951499356,0.11382571492907002,0.15060330701623714,0.1296569413273485,0.7446860539483089,0.16707422595086716,macro_only,42,2023,0.5247073614079019
46812,0.11779031017687773,0.5526880357534038,0.1264238907679051,0.04914518740152198,0.13461188874750046,0.5371780921291258,0.215277273057635,0.5387080235836965,0.47005041442365203,macro_only,42,2024,0.5247073614079019
51187,0.14722488131752204,0.5216605524975387,0.14354525089747255,-0.04965178011579124,0.08671679197994987,0.045912951167728235,0.06003817456186014,0.7883446968956962,0.07794947935999375,macro_only,43,2022,0.5673152830289758
53162,0.12627440653098077,0.5639167037939898,0.15524649880966085,0.022959780071822814,0.1401922450309547,0.2563682407269477,0.18126283637895624,0.707554268086227,0.2309168202851661,macro_only,43,2023,0.5673152830289758
46812,0.11779031017687773,0.5372552646139485,0.12586302177013248,0.008828762538289606,0.12117307494072777,0.42636924192963366,0.18871407930646975,0.5681876441937964,0.41446637614286935,macro_only,43,2024,0.5673152830289758
51187,0.14722488131752204,0.5217805571415932,0.17220890807947264,0.043365700770459904,0.1957547169811321,0.12115180467091295,0.149672131147541,0.7973313536640163,0.09111688514661925,macro_only,44,2022,0.4940578604621632
53162,0.12627440653098077,0.5168796604604265,0.13005829847304146,-0.01133826700808816,0.11659513590844063,0.12140622672426635,0.11895205429467999,0.7729016967006508,0.13148489522591325,macro_only,44,2023,0.4940578604621632
46812,0.11779031017687773,0.534852468218778,0.1288452707979601,0.05103425224498262,0.14258754455860767,0.36996735582154516,0.20584228848191313,0.6637400666495771,0.3056267623686234,macro_only,44,2024,0.4940578604621632
51187,0.14722488131752204,0.6041672807344065,0.2273202751436158,0.0,0.0,0.0,0.0,0.852775118682478,0.0,macro_only,45,2022,0.5707654466597133
53162,0.12627440653098077,0.5007605220318926,0.11617864523317259,-0.04783302597594975,0.03159340659340659,0.006852375986891107,0.011262088382911005,0.8480681689928896,0.027387983898273204,macro_only,45,2023,0.5707654466597133
46812,0.11779031017687773,0.5267599032891556,0.11982457282136125,-0.01811033935764841,0.09476661951909476,0.048603554588320635,0.06425317669623591,0.8332478851576519,0.06041186020678459,macro_only,45,2024,0.5707654466597133
51187,0.14722488131752204,0.5645831852882891,0.18214499258809083,0.0,0.0,0.0,0.0,0.852775118682478,0.0,macro_only,46,2022,0.5894728642841646
53162,0.12627440653098077,0.5304720531131859,0.13356409375970277,0.008938826452294579,0.13694684472374968,0.07790853567704455,0.09931636916065324,0.8215642752341898,0.07183702644746247,macro_only,46,2023,0.5894728642841646
46812,0.11779031017687773,0.5518547520869441,0.12367381036622453,0.0203004008498436,0.12764324097983112,0.33170112441059124,0.18434712493070604,0.6542553191489362,0.3060967273348714,macro_only,46,2024,0.5894728642841646
