fold,cell,seed,train_end,test_start,test_end,bh_return,threshold,minutes,val_roc_auc,val_pr_auc,val_accuracy,val_mcc,val_precision,val_recall,val_f1,test_roc_auc,test_pr_auc,test_accuracy,test_mcc,test_precision,test_recall,test_f1
F2015,I+II,42,2013-12-31,2015-07-01,2016-02-15,-0.17523672674159252,0.47101999402843553,20.7,0.6448226670304222,0.20989638034709104,0.5826574830087123,0.1468453812583297,0.19769047571397122,0.6358135942327497,0.30160450666381694,0.5807144024985421,0.24064992435608468,0.6385526883357439,0.08794624546568264,0.257230915125652,0.4018022466362178,0.3136593591905565
F2015,I+II,43,2013-12-31,2015-07-01,2016-02-15,-0.17523672674159252,0.5002036876024608,20.5,0.6436365528098966,0.2086686444215722,0.5914518998312275,0.14664369630199062,0.19904920664320552,0.6225540679711637,0.30165141048232413,0.6064357992954724,0.25397495016368377,0.6654741062140012,0.11035231412955226,0.2757434042177711,0.3857548450808542,0.3216013172789956
F2015,I+II,44,2013-12-31,2015-07-01,2016-02-15,-0.17523672674159252,0.4470078785742405,20.5,0.6390587031459165,0.2128629687566792,0.42575377457464764,0.1405400924783278,0.17628502758507675,0.8309088568486097,0.29086115992970124,0.5823267892490019,0.2387189589287574,0.552307731344041,0.11133861482764235,0.2516783762685402,0.5969633378595235,0.35407819592912576
F2015,I+II+IV,42,2013-12-31,2015-07-01,2016-02-15,-0.17523672674159252,0.46803323250550444,25.2,0.6039421954568519,0.1811214995707047,0.5450896318934453,0.10736650948876496,0.17998769506124504,0.6213954685890835,0.2791262486808437,0.6066508817081819,0.2604121789455769,0.6460632818248713,0.12077967477094516,0.2751115213044147,0.441550425873349,0.339003933090082
F2015,I+II+IV,43,2013-12-31,2015-07-01,2016-02-15,-0.17523672674159252,0.4561875265079196,20.8,0.6102574940058757,0.18705804813604834,0.5133056607216165,0.11655757976549495,0.17940413409526393,0.6809989701338826,0.2839925378142238,0.6037846130639639,0.25998898861207176,0.6155895562152699,0.11651720982600312,0.26551792961213494,0.49265522774966053,0.3450631160297423
F2015,I+II+IV,44,2013-12-31,2015-07-01,2016-02-15,-0.17523672674159252,0.4954368585168717,20.9,0.6072720276451276,0.1893128561573996,0.5935410299685262,0.10720971869988642,0.18558488276340313,0.5512358393408857,0.2776823060212055,0.6073636748537734,0.26319964881341057,0.682271447057928,0.11301129131226864,0.2829225179220269,0.3556351067769411,0.31513891927368193
F2018,I+II,42,2016-12-31,2018-09-01,2018-12-31,-0.19199784157256639,0.5020904963789976,33.1,0.6371177684500802,0.1772276093883157,0.4973501552334434,0.1366121024081164,0.1643080380658075,0.7427573616953727,0.26908975888890485,0.6343821328246602,0.3782833858374079,0.6008456100944705,0.17768861630159014,0.35455077553409425,0.5976813024173656,0.44507714915503305
F2018,I+II,43,2016-12-31,2018-09-01,2018-12-31,-0.19199784157256639,0.478981937697799,39.2,0.63165811100506,0.1721278329942523,0.4465680555280903,0.13290628017841183,0.15837560253300148,0.7979998412572427,0.2642972621285209,0.6484316816365335,0.3619200318813157,0.6008456100944705,0.20353421927849574,0.36225055432372505,0.6447952639368525,0.46388642413487136
F2018,I+II,44,2016-12-31,2018-09-01,2018-12-31,-0.19199784157256639,0.4877951900875289,35.2,0.641909151499702,0.18197279042907955,0.4264865826889992,0.13520529843393897,0.1570153041954344,0.82490673863005,0.2638152049752507,0.6402469040950862,0.37151310653267877,0.5791768514236638,0.1800128061655094,0.3473503822831532,0.6499753330044401,0.4527491408934708
F2018,I+II+IV,42,2016-12-31,2018-09-01,2018-12-31,-0.19199784157256639,0.5116137837122715,35.2,0.6684815391970563,0.20379019811303603,0.560046668907829,0.1688478584036456,0.18097257506351144,0.718072862925629,0.2890877136922831,0.6452012578008846,0.3759299878950572,0.64239941864306,0.18927950559667417,0.3778097464484805,0.5182535767143562,0.43702548101924077
F2018,I+II+IV,43,2016-12-31,2018-09-01,2018-12-31,-0.19199784157256639,0.5124920436161817,35.0,0.6624182468143396,0.19747387678936376,0.5542526053511044,0.1592514018907296,0.17739596782202802,0.7088657829986507,0.28377605490594815,0.6097958842284399,0.3360143587207869,0.6163704829226399,0.13874292968959392,0.34668532447087635,0.48889985199802666,0.40569030805444684
F2018,I+II+IV,44,2016-12-31,2018-09-01,2018-12-31,-0.19199784157256639,0.5049185577102231,35.7,0.6749015993783274,0.20501282237895696,0.5741165536198066,0.17378051716036172,0.18458640390825537,0.7077545836971189,0.29280706651123845,0.6222885723772115,0.36134791549036765,0.6095659641936976,0.1361002793655583,0.34308420696652014,0.5004933399111988,0.4071027287319422
F2020,I+II,42,2018-12-31,2020-01-16,2020-04-15,-0.2743924351693633,0.5258176857312786,41.2,0.6711466405605799,0.2325561663015918,0.6664514214907764,0.17166829688720386,0.21157884211578842,0.5587536308423554,0.3069335654192051,0.44500709110964415,0.38803299872714736,0.43102397399431125,-0.1761568984992979,0.32983550765740216,0.2642581231538287,0.29342752617635925
F2020,I+II,43,2018-12-31,2020-01-16,2020-04-15,-0.2743924351693633,0.5271850478380022,41.0,0.6678604638689449,0.22421511667799704,0.6567653885757169,0.16868865053059318,0.20811006517016656,0.5691840506997623,0.3047827777581392,0.5102596811816398,0.43720808944400513,0.5014221861032101,-0.05506061708709336,0.4008603832616347,0.23290161326971143,0.2946248922104053
F2020,I+II,44,2018-12-31,2020-01-16,2020-04-15,-0.2743924351693633,0.5555775552988055,41.5,0.6711033817764274,0.2320147620733205,0.6835372345067104,0.1741305222580507,0.21705343265984245,0.5347240559809876,0.3087713948080662,0.4869681631239505,0.41472402857425794,0.4693214140593255,-0.11645927770133555,0.3569690649982621,0.23335605544194502,0.2822203902170926
F2020,I+II+IV,42,2018-12-31,2020-01-16,2020-04-15,-0.2743924351693633,0.5627624276255485,41.7,0.7047345613443254,0.25097926972586776,0.7587392450130019,0.21369910294570768,0.2641509433962264,0.46210720887245843,0.3361505954667691,0.45540075466789465,0.3997427722803467,0.45530272247054043,-0.16747094776998817,0.3010351966873706,0.16518972960690753,0.21332159624413147
F2020,I+II+IV,43,2018-12-31,2020-01-16,2020-04-15,-0.2743924351693633,0.5411794804440295,42.4,0.6948613665097301,0.2514933786058852,0.7133806872720292,0.19737242301038155,0.23611856623128766,0.5227092685503036,0.3252947701409145,0.3834691045072139,0.37345068923683195,0.42381145875660303,-0.20618278850639818,0.2968999680409076,0.21108838900249943,0.24674634794156705
F2020,I+II+IV,44,2018-12-31,2020-01-16,2020-04-15,-0.2743924351693633,0.5455486976582071,42.0,0.6980161139767532,0.26412268195512933,0.6961552557636259,0.21024200272112353,0.2350501023596595,0.576049643517296,0.3338689929599021,0.3972335133527142,0.3689511393770395,0.42228768793173505,-0.20179445634436813,0.3065583634175692,0.2315382867530107,0.2638187702265372
