cell,seed,n_features,threshold,minutes,best_iteration,val_roc_auc,val_pr_auc,val_accuracy,val_mcc,val_precision,val_recall,val_f1,test_roc_auc,test_pr_auc,test_accuracy,test_mcc,test_precision,test_recall,test_f1
I,42,32,0.2503636754376434,0.11,143,0.6449838681125224,0.2131518722032225,0.7145078080216783,0.1676153783720736,0.2262984465714734,0.4673969406274306,0.3049499925993276,0.6367837010383864,0.1991116937394348,0.6508839601414336,0.1334721474078616,0.1945793542519327,0.5161648330438139,0.2826193212591976
I,43,32,0.235630343375248,0.11,129,0.6442614954901493,0.2130168568433772,0.6713161597387483,0.1620010718247823,0.2113571980427504,0.5319548872180451,0.3025176010910833,0.6345260459131076,0.1971788487483756,0.5982835101253616,0.1305494030809499,0.1847456859459214,0.5904748118123915,0.2814365060199399
I,44,32,0.2259748650324783,0.1,92,0.6452625132328917,0.2121729671831805,0.6559867289687158,0.1635276215477633,0.2082760284714682,0.5595022037853253,0.3035535315527579,0.6301713721947075,0.1939723883144117,0.5767277402764385,0.1333195103069228,0.1826214193257921,0.6263269639065817,0.2827886710239651
I,45,32,0.2542973612509294,0.1,145,0.6447604027827966,0.213578916483611,0.7272837812016885,0.1659812374003942,0.2301297648012976,0.4414052372310085,0.3025322079075966,0.6360137771616069,0.1989421002748767,0.6648601735776277,0.1293250918273802,0.1956155143338954,0.4869716270990156,0.2791122173822858
I,46,32,0.2440626971921992,0.11,120,0.6442687985591193,0.213425281728768,0.6923865274713822,0.1623858283656739,0.2171279787173826,0.4972776769509981,0.3022733540837634,0.6339757238860351,0.1978035794962749,0.6243008678881389,0.1295040248216627,0.1883799325798136,0.5500868558193399,0.2806499261447562
II,42,6,0.6313817784140341,0.08,196,0.504704057894417,0.1404099461263908,0.8612013409994963,0.0227194554035239,0.2175689479060265,0.0138060668913663,0.0259645273358932,0.5346091029168184,0.148560311905455,0.8664802314368371,0.0246240553514397,0.3770491803278688,0.003329473074696,0.0066006600660066
II,43,6,0.6299961159460521,0.09,199,0.5032062263686287,0.1391616460645863,0.861157914850006,0.0231943175750356,0.21875,0.014065335753176,0.0264311814859926,0.5335708359707515,0.1482329057860324,0.8664802314368371,0.0246240553514397,0.3770491803278688,0.003329473074696,0.0066006600660066
II,44,6,0.6302785873413086,0.09,180,0.5034140919477997,0.1399115314335147,0.8612013409994963,0.0227194554035239,0.2175689479060265,0.0138060668913663,0.0259645273358932,0.5326293310259623,0.1476787583004092,0.8664802314368371,0.0246240553514397,0.3770491803278688,0.003329473074696,0.0066006600660066
II,45,6,0.630241580033382,0.08,185,0.5035892762201986,0.1399982517928415,0.8616269172645,0.0251755110646419,0.2290322580645161,0.0138060668913663,0.0260423034600806,0.5325881280990407,0.1478665347956028,0.8664802314368371,0.0246240553514397,0.3770491803278688,0.003329473074696,0.0066006600660066
II,46,6,0.625903933542628,0.08,199,0.5046497725826469,0.1396808484957229,0.8607323385850023,0.0208781627884533,0.2084534101825168,0.014065335753176,0.0263525411378954,0.5333628242952173,0.1484305449866521,0.8664802314368371,0.0246240553514397,0.3770491803278688,0.003329473074696,0.0066006600660066
III,42,9,0.2271466443072194,0.09,164,0.6460399496106768,0.2588028362788913,0.8436571766054648,0.2530284680440248,0.3901460165656221,0.296149857402126,0.3367110063008954,0.529732303385029,0.1416946761675866,0.8113018322082931,0.0077789168080406,0.1423478693417343,0.0828508010036672,0.1047398279753553
III,43,9,0.1967943971073348,0.09,195,0.6740375504831264,0.3331993402753533,0.8526290190901353,0.3054499823201039,0.4367088607594936,0.3443738656987296,0.3850837138508371,0.5340752196144475,0.1441691472842837,0.7317261330761813,0.0254286778408541,0.1508775428799361,0.2190214244354371,0.1786726499763816
III,44,9,0.2184938703940863,0.09,139,0.6619629551444588,0.2778593237340776,0.859907241744689,0.2830931866273296,0.4617396991497711,0.2745657246564688,0.3443622469717909,0.5303177223327066,0.1425917794919238,0.791321118611379,0.0171141494929697,0.1499642090193271,0.1213086276780544,0.1341229193341869
III,45,9,0.2206323262939485,0.1,156,0.6498005097593496,0.2872966167965233,0.8666035539960742,0.2849120235918091,0.5046703668607012,0.2416385792066372,0.3268025421871576,0.5375467556670074,0.1464389983911334,0.7740597878495661,0.0191118821150458,0.1498567474384499,0.1489094769349546,0.1493816104751071
III,46,9,0.2661603425869276,0.11,188,0.6751275090684947,0.3322339937349641,0.8769389775747364,0.3279378632922252,0.6010271224522549,0.2427404718693284,0.3458146728842513,0.5357428887240807,0.147287694391,0.8170363227258116,0.0301552316221714,0.1691755046185425,0.0954448948079521,0.1220384995064165
I+II,42,38,0.2590332389399908,0.12,179,0.6441573868600585,0.2147751348432711,0.6910490020670847,0.1637768668811862,0.2173327346205658,0.5019445164635727,0.3033294163728946,0.6369493103098193,0.1989817605816236,0.6316039858566377,0.1295917000065752,0.1896212326907412,0.5391816251688863,0.2805704815949379
I+II,43,38,0.2575944818730737,0.12,225,0.6398065626380803,0.2142925586378327,0.6773350240580868,0.1596562532306201,0.2119347566635724,0.5179543686803215,0.3007923512694559,0.6400361883643131,0.2004289732961583,0.6223593699774992,0.1321441704710102,0.1890397513495828,0.5576143601621308,0.2823563906467613
I+II,44,38,0.2582279892196025,0.12,257,0.6397845744492058,0.2140060899931288,0.6804269659017874,0.1591076412480597,0.2125077366055811,0.5118615504277936,0.3003289661336021,0.6406972187530258,0.2004040402734294,0.6243522982963677,0.1308495066103316,0.1888881555064189,0.5523547577687705,0.2815089885153579
I+II,45,38,0.2621087673014922,0.11,239,0.6410607981840623,0.2146112700538222,0.6983793361010266,0.1621977834603383,0.2187900687725842,0.4866476536168006,0.3018655516243165,0.6397036083978482,0.1996266437395807,0.6456316297010608,0.1305531048462773,0.1924466220807553,0.5193012931866435,0.2808235263418834
I+II,46,38,0.2570520560259006,0.12,213,0.641564457720753,0.2141351355404297,0.6827198665948687,0.1625820914962938,0.2145388631875118,0.5140005185377237,0.3027237502624496,0.637463406086064,0.1982715174093153,0.6223015107682417,0.12927278638399,0.187970788545171,0.5526925303995368,0.2805324581491323
I+III,42,41,0.1760896936188573,0.13,198,0.6835023671967346,0.2846713915891408,0.7653945699942677,0.2221175626843823,0.2749980576489783,0.4588410681877106,0.34389118290017,0.6202109845536887,0.187047185042137,0.712780456444873,0.0988149139260381,0.1914625035422624,0.3586180274078363,0.2496431030718328
I+III,43,41,0.1819033016563459,0.12,243,0.688639152973231,0.2825158192993546,0.7846757803679063,0.2220572993938973,0.2888708513708514,0.4152190821882291,0.3407084352728433,0.6275240109956873,0.1912794744525519,0.7438058502089361,0.0968115249037148,0.1982647105221643,0.3032233159621694,0.2397603922241935
I+III,44,41,0.1776565402059701,0.13,185,0.6860372322410646,0.282649918616544,0.7732112769024996,0.2175469858363429,0.2781192889184249,0.4340160746694322,0.339003645200486,0.6256859506321233,0.1888894896382762,0.7316104146576663,0.1002119778613293,0.1968158744808491,0.3292800617641382,0.2463715791753917
I+III,45,41,0.1747351721384528,0.12,138,0.6697774255088265,0.2597947942959642,0.7492226719241258,0.2041459000694159,0.2574850299401197,0.4626652838994037,0.3308458864426419,0.6230981558313397,0.1878327155925641,0.7038958534233365,0.1053364561008736,0.1928271781565993,0.3837097085504728,0.2566693026483546
I+III,46,41,0.170373521351433,0.12,178,0.6930140335414496,0.288085399956089,0.7628063714846532,0.2262890438534814,0.2752175558077941,0.4714804252009333,0.3475560227435615,0.6251770718568795,0.1878749981308131,0.7185020893603343,0.0967719028533395,0.1916793668618486,0.3459274271376182,0.2466752688172043
II+III,42,15,0.2651850287304774,0.15,809,0.6711250759169443,0.297873194036056,0.8695131060119161,0.2878133934078761,0.5304400241109102,0.228156598392533,0.3190717911530094,0.5446751524543191,0.1502030338795713,0.8075216972034716,0.0239335783761672,0.1595744680851064,0.1042269832078749,0.1260945709281961
II+III,43,15,0.2463410510185696,0.14,712,0.6819954732218377,0.3076104351236587,0.8702687210130452,0.3029153624829983,0.5342064929636339,0.2485092040445942,0.3392169873921699,0.5449906614787352,0.1502665654200996,0.7910382513661203,0.0250269895261784,0.1573589296102385,0.1305249951746767,0.1426913541172126
II+III,44,15,0.2462796987352712,0.13,563,0.6631755197409797,0.2726804190607669,0.8452378884469072,0.2414166776842605,0.3894386386756682,0.2729452942701582,0.320948134598529,0.5403431650134761,0.1490677287271626,0.788614593378335,0.0258747449424688,0.1577228447547722,0.1351573055394711,0.1455707715094977
II+III,45,15,0.2641178460349407,0.14,739,0.6815283313051979,0.3054452303570447,0.8674720769858778,0.2755965151249604,0.512674366281686,0.2215452424163858,0.3093912649920796,0.5438898588781509,0.1492532550905453,0.793847637415622,0.0227656244516369,0.1557093425605536,0.1237695425593514,0.1379143479312848
II+III,46,15,0.2604483866104452,0.16,872,0.6776116819928948,0.3135664281416512,0.8738209800413417,0.325967441185106,0.5619664004406499,0.264519056261343,0.3597179374173644,0.5437577261683995,0.1507592152422247,0.802462230793957,0.026985654955732,0.1615348176219801,0.1151804670912951,0.1344750852088673
I+II+III,42,47,0.1229451517955116,0.18,397,0.6882548862143566,0.2741711383973973,0.7553544442321388,0.2255392405390156,0.270367700072098,0.4861291158931812,0.3474796145292809,0.6279832044305689,0.1895327896521105,0.6673095467695275,0.1153926726856425,0.1901490033156233,0.4593707778421154,0.2689645430145501
I+II+III,43,47,0.1222322769203911,0.18,380,0.6815571223439341,0.2707261326824787,0.7435772724904028,0.2146786407241005,0.259240281478445,0.491897848068447,0.3395373808778131,0.6304513829219238,0.192163582559179,0.6671938283510125,0.1177331430820132,0.1911413562559694,0.4635205558772438,0.2706677937447168
I+II+III,44,47,0.1265422999350522,0.16,262,0.6736692790346868,0.25101708847164,0.7292379579287463,0.2079983933092417,0.2495945043411888,0.5086855068706249,0.3348765761344968,0.6284840558528627,0.191140105146996,0.6429508196721312,0.1231577912846555,0.1890462835604937,0.5106639644856206,0.2759402907242031
I+II+III,45,47,0.1141966097594479,0.2,508,0.681474700276121,0.2735200397845944,0.7196147232017231,0.2137981825938503,0.2478683620044876,0.5370106300233342,0.3391808077293103,0.6344714637067101,0.1932142230297223,0.6643844423015107,0.1184137977811896,0.1909081983308787,0.4691179309013704,0.2713785258691678
I+II+III,46,47,0.1155180788219575,0.2,517,0.6897237953898299,0.282197408932455,0.7419444492695721,0.2264059486389739,0.2633845746090644,0.5152968628467721,0.3485924756642988,0.6340913353768316,0.1932815167851655,0.6756991321118612,0.1181544693694802,0.1929712196029007,0.4506851959081258,0.2702350813743219
I+II-xs,42,44,0.1628262384356715,0.15,270,0.6405216302413114,0.2179747503221995,0.6978842779968386,0.1596369991371033,0.2175397636071793,0.4831475239823697,0.300002012355865,0.6457745661093599,0.2028879579032107,0.6522340083574414,0.1376553961352032,0.196500354693781,0.5212796757382745,0.2854123459399479
I+II-xs,43,44,0.1712974906625556,0.16,362,0.6379952698969089,0.2165546949544758,0.725477253382897,0.1563818587878476,0.2249422004623963,0.4288306974332382,0.2950936663693131,0.6491849014469464,0.2050113513222397,0.6876824172291868,0.1362251133737396,0.2035921772254261,0.461638679791546,0.2825666395924093
I+II-xs,44,44,0.1631475808638394,0.15,257,0.6413147508771029,0.2179146474434492,0.6990567840330734,0.1596461424118754,0.2178877539039568,0.4811381903033446,0.2999434297721028,0.6452533531011467,0.2023864135709306,0.6515268402442944,0.1348367255116714,0.1952449436565873,0.517515923566879,0.2835238913488864
I+II-xs,45,44,0.160408487344927,0.18,263,0.6448804729203412,0.220819884575755,0.696025638798659,0.1630079112233514,0.2184433894403682,0.4920922997148042,0.3025725843413108,0.6458756396432614,0.203071927218904,0.64623593699775,0.1351089050517856,0.1943474231948107,0.5262497587338352,0.2838625715773035
I+II-xs,46,44,0.1564025244945317,0.15,264,0.6414939417777981,0.2194738682876364,0.6764925567579774,0.1606868048453973,0.2121372031662269,0.5211304122374902,0.3015301530153015,0.6447521468283012,0.2030599179001773,0.6273545483767278,0.1366883451668556,0.1915552684324736,0.5580003860258638,0.2852034084322938
IV,42,10,0.3055365735471846,0.12,34,0.4846864482316321,0.1271005343198551,0.3917038684013966,0.0179343472513096,0.1384209968748344,0.6775343531241897,0.2298777269528501,0.5763562902378515,0.1571235434839361,0.4109289617486338,0.0929966861464946,0.1558027999456321,0.7743678826481374,0.2594119263533938
IV,43,10,0.3007370222571701,0.26,55,0.4812270934426456,0.1257434122470326,0.384208514999392,0.0192625774015819,0.1386359194840727,0.6897199896292455,0.2308668626536346,0.5758418711056073,0.1573443553245283,0.4064223722275795,0.092773933421351,0.155453976807968,0.779482725342598,0.2592126060061457
IV,44,10,0.3021850584940767,0.26,46,0.4857222245393154,0.1271135239668912,0.3945265681182581,0.0244586975813862,0.1400437636761488,0.6844697951775992,0.2325146147325311,0.5769606604955038,0.1590103275349953,0.4141819350691096,0.0930011296705895,0.1560215768283626,0.7704111175448755,0.2594916135743076
IV,45,10,0.3010855598194543,0.25,52,0.4829629275300238,0.1261663728186527,0.3857371154614463,0.0191617640869652,0.1386336605194024,0.6875162043038631,0.2307399471388638,0.573801146698323,0.1569418918449539,0.4045644487303118,0.0926649322936317,0.1553073161376929,0.7815576143601621,0.2591229782264386
IV,46,10,0.3023233071816805,0.25,48,0.4839233287162795,0.1264867776695197,0.3913912001250673,0.0192207570334266,0.1387280179822821,0.6800622245268343,0.2304465285861758,0.5775806126828796,0.1578036520236319,0.4137126325940212,0.0991598195495268,0.1573558155138714,0.780833815865663,0.2619273071600262
I+II+IV,42,48,0.4494934120836565,0.59,260,0.621626350393325,0.2030308272500156,0.7154892390001564,0.1346748138031022,0.2112629123625458,0.4109411459683692,0.2790615784145429,0.6425068101887155,0.204097007463898,0.6808807457409193,0.1372655961130958,0.2024409821557206,0.4746187994595638,0.2838221927255414
I+II+IV,43,48,0.4775473719396719,0.76,466,0.6221955282322884,0.2031197492194804,0.7434469940419323,0.1292193207084995,0.2176105663398038,0.3524112004148302,0.2690718333209611,0.651341586648243,0.2116162434633642,0.7236129861780778,0.1427720792278784,0.2166776935212988,0.4108762787106736,0.2837292992569391
I+II+IV,44,48,0.4298286052551557,0.58,257,0.6191106776413331,0.2016156330316111,0.6726884260626379,0.1274776470874192,0.1973841635849467,0.470508166969147,0.2781012949199295,0.6429739978714778,0.2055602376542806,0.6377306332369013,0.1349528038137873,0.192727649078019,0.5391333719359197,0.2839498329034143
I+II+IV,45,48,0.4430747964878545,0.57,242,0.6255844925393831,0.2052322053809681,0.7132571349163612,0.1394128731962416,0.2128840565514088,0.4226082447498056,0.2831397242427532,0.6437546268539336,0.2042256085603884,0.67926068788171,0.1378321226847897,0.2023107228153259,0.4782377919320594,0.2843372111370906
I+II+IV,46,48,0.4591123844349266,0.75,368,0.6210740766449304,0.2016598478303087,0.7221768660216435,0.1309785971132156,0.211437931274831,0.3932460461498574,0.2750101989936993,0.6466566075500464,0.2078947587206263,0.6920604307296689,0.1395470877988959,0.2061418685121107,0.4599498166377147,0.2846902813452004
I+II+IV-l,42,48,0.3908580036266991,0.39,167,0.6250960472692562,0.20275737212299094,0.6817644913060849,0.13722384495124296,0.20360486237250244,0.47225823178636245,0.28453712924452773,0.6453944311584676,0.2055774512228146,0.634207650273224,0.13750273790023299,0.19306283833087273,0.5489770314611079,0.28566406789449234
I+II+IV-l,43,48,0.4204579232496063,0.33,130,0.6254200748413593,0.20121052926605726,0.7259462557973909,0.13798188841151846,0.21613153077031405,0.39791288566243194,0.28011498448622013,0.6409333414637952,0.2019429249612235,0.6829765348762455,0.1299766634203287,0.19973953410212783,0.45883999227948274,0.27832169878971474
I+II+IV-l,44,48,0.4113756184130408,0.34,130,0.6257014004730909,0.20239244776590526,0.7163664472198579,0.13980045981593145,0.2140035191394708,0.41781177080632614,0.2830358515005818,0.6411393247827972,0.20203035080720289,0.6688010286081646,0.13077869108260518,0.19702872884691067,0.48315962169465354,0.2799116627529912
I+II+IV-l,45,48,0.41660985995295857,0.36,151,0.6262486538287972,0.20362293429815886,0.7201532074554013,0.140149176173117,0.21534393328135065,0.4117189525537983,0.28278241513633834,0.6430579920528536,0.20320580046666065,0.6775634844101575,0.13217178945140973,0.1994935571484,0.471385832850801,0.2803437934943251
I+II+IV-l,46,48,0.38475064958716715,0.45,215,0.6261491667812285,0.2030624115098891,0.6682936997342319,0.13462240861440475,0.19949308269088606,0.48975887995851697,0.28350592826054327,0.6467443429621256,0.20692321101328945,0.6241787206685953,0.1392126880081777,0.19193403543146378,0.567216753522486,0.2868157474167063
